{"cameraMode":{"drawMode":0,"name":"Shaded","section":"Shading Mode"},"sceneLighting":true,"audioPlay":false,"sceneViewState":{"showFog":true,"showMaterialUpdate":true,"showSkybox":true,"showFlares":true,"showImageEffects":true,"showParticleSystems":true},"in2DMode":false,"pivot":{"x":14.93515396118164,"y":12.380705833435059,"z":-20.1181640625},"rotation":{"x":-0.002495706547051668,"y":-0.5546969175338745,"z":-0.0016643439885228873,"w":0.8320482969284058},"size":1.6533533334732056,"orthographic":false}