{"cameraMode":{"drawMode":0,"name":"Shaded","section":"Shading Mode"},"sceneLighting":false,"audioPlay":false,"sceneViewState":{"showFog":true,"showMaterialUpdate":false,"showSkybox":false,"showFlares":true,"showImageEffects":true,"showParticleSystems":true},"in2DMode":false,"pivot":{"x":4.453088283538818,"y":10.502689361572266,"z":-3.0109472274780275},"rotation":{"x":0.2551632225513458,"y":-0.20208624005317689,"z":0.054626382887363437,"w":0.9439692497253418},"size":26.454248428344728,"orthographic":false}